[
    {
        "id": "66330",
        "name": "Kakada Ramprasad",
        "address": "348/343, Ground Floor, Mint Street, Sowcarpet, Chennai",
        "cuisines": "Mithai, Street Food, North Indian",
        "rating": "4.4",
        "reviews": "865",
        "feature_image": "https://b.zmtcdn.com/data/pictures/8/18387708/05ccffe6286d86a43e664cff382b1cda.jpg?output-format=webp",
        "thumbnail_image": "https://b.zmtcdn.com/data/pictures/8/18387708/05ccffe6286d86a43e664cff382b1cda.jpg?fit=around%7C200%3A200&crop=200%3A200%3B%2A%2C%2A",
        "menu": [
            {
                "id": 1,
                "name": "Royal Chicken Biryani",
                "desc": "An Authentic Hyderabadi Biryani where succulent Chicken piece is marinated with a blend of spices, layered with the finest Basmati Rice and Dum Cooked with generous portions of Saffron and Ghee.",
                "price": 210
            },
            {
                "id": 2,
                "name": "Special Mutton Biryani",
                "desc": "Enjoy the special taste of exclusive spice marinated tender and juicy Lamb pieces, enough to share between two persons that are Dum cooked along with the finest of Basmati Rice",
                "price": 280
            },
            {
                "id": 3,
                "name": "Egg Biryani",
                "desc": "A flavorful medley of finest Basmati Rice, boiled Eggs, and aromatic spices. Ideally for one person but can be shared between two. ",
                "price": 230
            },
            {
                "id": 4,
                "name": "Supreme Veg Biryani",
                "desc": "The authentic Veg delicacy seasoned with herbs and spices and then layered into fine grain Basmati Rice and cooked to perfection.",
                "price": 190
            },
            {
                "id": 5,
                "name": "Chicken Kebab Platter",
                "desc": "An assorted variety of Moroccan Chicken Kebab, Chicken Pepper Marinate, Chicken Reshmi Kebab & Chicken Garlic Kebab served with Pudina chutney. Comes in a tamper-proof sealed pack, easy to carry. (8 pcs)",
                "price": 240
            },
            {
                "id": 6,
                "name": "Tandoori Chicken (Half)",
                "desc": "The King of all kebabs, spiced full Chicken with bone, finished in a Tandoor. (2 pcs)",
                "price": 370
            },
            {
                "id": 7,
                "name": "Qubani Ka Meetha",
                "desc": "A sweet treat from Hyderabad, this heavenly dessert comprises of dried apricots and sugar, enriched with saffron strands and rose water.",
                "price": 150
            }
        ]
    },
    {
        "id": "71679",
        "name": "National Lodge",
        "address": "112, Govindappa Naickan Street, Sowcarpet, Chennai",
        "cuisines": "Andhra, South Indian",
        "rating": "4.1",
        "reviews": "505",
        "feature_image": "https://b.zmtcdn.com/data/reviews_photos/081/6ed1609b97a184fcf604c126e724a081_1476178734.jpg?output-format=webp",
        "thumbnail_image": "https://b.zmtcdn.com/data/reviews_photos/081/6ed1609b97a184fcf604c126e724a081_1476178734.jpg?fit=around%7C200%3A200&crop=200%3A200%3B%2A%2C%2A",
        "menu": [
            {
                "id": 1,
                "name": "Royal Chicken Biryani",
                "desc": "An Authentic Hyderabadi Biryani where succulent Chicken piece is marinated with a blend of spices, layered with the finest Basmati Rice and Dum Cooked with generous portions of Saffron and Ghee.",
                "price": 210
            },
            {
                "id": 2,
                "name": "Special Mutton Biryani",
                "desc": "Enjoy the special taste of exclusive spice marinated tender and juicy Lamb pieces, enough to share between two persons that are Dum cooked along with the finest of Basmati Rice",
                "price": 280
            },
            {
                "id": 3,
                "name": "Egg Biryani",
                "desc": "A flavorful medley of finest Basmati Rice, boiled Eggs, and aromatic spices. Ideally for one person but can be shared between two. ",
                "price": 230
            },
            {
                "id": 4,
                "name": "Supreme Veg Biryani",
                "desc": "The authentic Veg delicacy seasoned with herbs and spices and then layered into fine grain Basmati Rice and cooked to perfection.",
                "price": 190
            },
            {
                "id": 5,
                "name": "Chicken Kebab Platter",
                "desc": "An assorted variety of Moroccan Chicken Kebab, Chicken Pepper Marinate, Chicken Reshmi Kebab & Chicken Garlic Kebab served with Pudina chutney. Comes in a tamper-proof sealed pack, easy to carry. (8 pcs)",
                "price": 240
            },
            {
                "id": 6,
                "name": "Tandoori Chicken (Half)",
                "desc": "The King of all kebabs, spiced full Chicken with bone, finished in a Tandoor. (2 pcs)",
                "price": 370
            },
            {
                "id": 7,
                "name": "Qubani Ka Meetha",
                "desc": "A sweet treat from Hyderabad, this heavenly dessert comprises of dried apricots and sugar, enriched with saffron strands and rose water.",
                "price": 150
            }
        ]
    },
    {
        "id": "68329",
        "name": "Hotel Krishna Prasad",
        "address": "76, NSC Bose Road, Sowcarpet, Chennai",
        "cuisines": "South Indian",
        "rating": "4.2",
        "reviews": "285",
        "feature_image": "",
        "thumbnail_image": "",
        "menu": [
            {
                "id": 1,
                "name": "Royal Chicken Biryani",
                "desc": "An Authentic Hyderabadi Biryani where succulent Chicken piece is marinated with a blend of spices, layered with the finest Basmati Rice and Dum Cooked with generous portions of Saffron and Ghee.",
                "price": 210
            },
            {
                "id": 2,
                "name": "Special Mutton Biryani",
                "desc": "Enjoy the special taste of exclusive spice marinated tender and juicy Lamb pieces, enough to share between two persons that are Dum cooked along with the finest of Basmati Rice",
                "price": 280
            },
            {
                "id": 3,
                "name": "Egg Biryani",
                "desc": "A flavorful medley of finest Basmati Rice, boiled Eggs, and aromatic spices. Ideally for one person but can be shared between two. ",
                "price": 230
            },
            {
                "id": 4,
                "name": "Supreme Veg Biryani",
                "desc": "The authentic Veg delicacy seasoned with herbs and spices and then layered into fine grain Basmati Rice and cooked to perfection.",
                "price": 190
            },
            {
                "id": 5,
                "name": "Chicken Kebab Platter",
                "desc": "An assorted variety of Moroccan Chicken Kebab, Chicken Pepper Marinate, Chicken Reshmi Kebab & Chicken Garlic Kebab served with Pudina chutney. Comes in a tamper-proof sealed pack, easy to carry. (8 pcs)",
                "price": 240
            },
            {
                "id": 6,
                "name": "Tandoori Chicken (Half)",
                "desc": "The King of all kebabs, spiced full Chicken with bone, finished in a Tandoor. (2 pcs)",
                "price": 370
            },
            {
                "id": 7,
                "name": "Qubani Ka Meetha",
                "desc": "A sweet treat from Hyderabad, this heavenly dessert comprises of dried apricots and sugar, enriched with saffron strands and rose water.",
                "price": 150
            }
        ]
    },
    {
        "id": "67408",
        "name": "Board Walk - Ramada",
        "address": "2A, Poniamman Koil Street, Egmore, Chennai",
        "cuisines": "North Indian, Continental",
        "rating": "4.1",
        "reviews": "537",
        "feature_image": "https://b.zmtcdn.com/data/pictures/chains/8/67408/0b2d25e072826702a848b1549fbab770.jpg?output-format=webp",
        "thumbnail_image": "https://b.zmtcdn.com/data/pictures/chains/8/67408/0b2d25e072826702a848b1549fbab770.jpg?fit=around%7C200%3A200&crop=200%3A200%3B%2A%2C%2A",
        "menu": [
            {
                "id": 1,
                "name": "Royal Chicken Biryani",
                "desc": "An Authentic Hyderabadi Biryani where succulent Chicken piece is marinated with a blend of spices, layered with the finest Basmati Rice and Dum Cooked with generous portions of Saffron and Ghee.",
                "price": 210
            },
            {
                "id": 2,
                "name": "Special Mutton Biryani",
                "desc": "Enjoy the special taste of exclusive spice marinated tender and juicy Lamb pieces, enough to share between two persons that are Dum cooked along with the finest of Basmati Rice",
                "price": 280
            },
            {
                "id": 3,
                "name": "Egg Biryani",
                "desc": "A flavorful medley of finest Basmati Rice, boiled Eggs, and aromatic spices. Ideally for one person but can be shared between two. ",
                "price": 230
            },
            {
                "id": 4,
                "name": "Supreme Veg Biryani",
                "desc": "The authentic Veg delicacy seasoned with herbs and spices and then layered into fine grain Basmati Rice and cooked to perfection.",
                "price": 190
            },
            {
                "id": 5,
                "name": "Chicken Kebab Platter",
                "desc": "An assorted variety of Moroccan Chicken Kebab, Chicken Pepper Marinate, Chicken Reshmi Kebab & Chicken Garlic Kebab served with Pudina chutney. Comes in a tamper-proof sealed pack, easy to carry. (8 pcs)",
                "price": 240
            },
            {
                "id": 6,
                "name": "Tandoori Chicken (Half)",
                "desc": "The King of all kebabs, spiced full Chicken with bone, finished in a Tandoor. (2 pcs)",
                "price": 370
            },
            {
                "id": 7,
                "name": "Qubani Ka Meetha",
                "desc": "A sweet treat from Hyderabad, this heavenly dessert comprises of dried apricots and sugar, enriched with saffron strands and rose water.",
                "price": 150
            }
        ]
    },
    {
        "id": "66334",
        "name": "Novelty Tea House",
        "address": "175, Mint Street, Sowcarpet, Chennai",
        "cuisines": "North Indian, South Indian, Street Food, Fast Food",
        "rating": "4.2",
        "reviews": "380",
        "feature_image": "https://b.zmtcdn.com/data/pictures/chains/4/66334/b8da914ca74b6b829c9dac0da239f6fb.jpg",
        "thumbnail_image": "https://b.zmtcdn.com/data/pictures/chains/4/66334/b8da914ca74b6b829c9dac0da239f6fb.jpg?fit=around%7C200%3A200&crop=200%3A200%3B%2A%2C%2A",
        "menu": [
            {
                "id": 1,
                "name": "Royal Chicken Biryani",
                "desc": "An Authentic Hyderabadi Biryani where succulent Chicken piece is marinated with a blend of spices, layered with the finest Basmati Rice and Dum Cooked with generous portions of Saffron and Ghee.",
                "price": 210
            },
            {
                "id": 2,
                "name": "Special Mutton Biryani",
                "desc": "Enjoy the special taste of exclusive spice marinated tender and juicy Lamb pieces, enough to share between two persons that are Dum cooked along with the finest of Basmati Rice",
                "price": 280
            },
            {
                "id": 3,
                "name": "Egg Biryani",
                "desc": "A flavorful medley of finest Basmati Rice, boiled Eggs, and aromatic spices. Ideally for one person but can be shared between two. ",
                "price": 230
            },
            {
                "id": 4,
                "name": "Supreme Veg Biryani",
                "desc": "The authentic Veg delicacy seasoned with herbs and spices and then layered into fine grain Basmati Rice and cooked to perfection.",
                "price": 190
            },
            {
                "id": 5,
                "name": "Chicken Kebab Platter",
                "desc": "An assorted variety of Moroccan Chicken Kebab, Chicken Pepper Marinate, Chicken Reshmi Kebab & Chicken Garlic Kebab served with Pudina chutney. Comes in a tamper-proof sealed pack, easy to carry. (8 pcs)",
                "price": 240
            },
            {
                "id": 6,
                "name": "Tandoori Chicken (Half)",
                "desc": "The King of all kebabs, spiced full Chicken with bone, finished in a Tandoor. (2 pcs)",
                "price": 370
            },
            {
                "id": 7,
                "name": "Qubani Ka Meetha",
                "desc": "A sweet treat from Hyderabad, this heavenly dessert comprises of dried apricots and sugar, enriched with saffron strands and rose water.",
                "price": 150
            }
        ]
    },
    {
        "id": "66312",
        "name": "National Durbar Restaurant",
        "address": "3, Raja Muthiah Road, Near Central Railway Station, Park Town, Chennai",
        "cuisines": "Andhra, Chinese, Street Food",
        "rating": "4.1",
        "reviews": "240",
        "feature_image": "https://b.zmtcdn.com/data/reviews_photos/b74/0edfc927dc03d31a965d78dd2217eb74_1472533017.jpg?output-format=webp",
        "thumbnail_image": "https://b.zmtcdn.com/data/reviews_photos/b74/0edfc927dc03d31a965d78dd2217eb74_1472533017.jpg?fit=around%7C200%3A200&crop=200%3A200%3B%2A%2C%2A",
        "menu": [
            {
                "id": 1,
                "name": "Royal Chicken Biryani",
                "desc": "An Authentic Hyderabadi Biryani where succulent Chicken piece is marinated with a blend of spices, layered with the finest Basmati Rice and Dum Cooked with generous portions of Saffron and Ghee.",
                "price": 210
            },
            {
                "id": 2,
                "name": "Special Mutton Biryani",
                "desc": "Enjoy the special taste of exclusive spice marinated tender and juicy Lamb pieces, enough to share between two persons that are Dum cooked along with the finest of Basmati Rice",
                "price": 280
            },
            {
                "id": 3,
                "name": "Egg Biryani",
                "desc": "A flavorful medley of finest Basmati Rice, boiled Eggs, and aromatic spices. Ideally for one person but can be shared between two. ",
                "price": 230
            },
            {
                "id": 4,
                "name": "Supreme Veg Biryani",
                "desc": "The authentic Veg delicacy seasoned with herbs and spices and then layered into fine grain Basmati Rice and cooked to perfection.",
                "price": 190
            },
            {
                "id": 5,
                "name": "Chicken Kebab Platter",
                "desc": "An assorted variety of Moroccan Chicken Kebab, Chicken Pepper Marinate, Chicken Reshmi Kebab & Chicken Garlic Kebab served with Pudina chutney. Comes in a tamper-proof sealed pack, easy to carry. (8 pcs)",
                "price": 240
            },
            {
                "id": 6,
                "name": "Tandoori Chicken (Half)",
                "desc": "The King of all kebabs, spiced full Chicken with bone, finished in a Tandoor. (2 pcs)",
                "price": 370
            },
            {
                "id": 7,
                "name": "Qubani Ka Meetha",
                "desc": "A sweet treat from Hyderabad, this heavenly dessert comprises of dried apricots and sugar, enriched with saffron strands and rose water.",
                "price": 150
            }
        ]
    },
    {
        "id": "66342",
        "name": "Sree Agarwal Bhojanaalay",
        "address": "15, Venkatarayan Lane, N.S.C Bose Road, Sowcarpet, Chennai",
        "cuisines": "Rajasthani, Street Food",
        "rating": "4.2",
        "reviews": "385",
        "feature_image": "https://b.zmtcdn.com/data/reviews_photos/9ef/797cc9fadff12009200fb00da83d59ef_1431844211.jpg?output-format=webp",
        "thumbnail_image": "https://b.zmtcdn.com/data/reviews_photos/9ef/797cc9fadff12009200fb00da83d59ef_1431844211.jpg?fit=around%7C200%3A200&crop=200%3A200%3B%2A%2C%2A",
        "menu": [
            {
                "id": 1,
                "name": "Royal Chicken Biryani",
                "desc": "An Authentic Hyderabadi Biryani where succulent Chicken piece is marinated with a blend of spices, layered with the finest Basmati Rice and Dum Cooked with generous portions of Saffron and Ghee.",
                "price": 210
            },
            {
                "id": 2,
                "name": "Special Mutton Biryani",
                "desc": "Enjoy the special taste of exclusive spice marinated tender and juicy Lamb pieces, enough to share between two persons that are Dum cooked along with the finest of Basmati Rice",
                "price": 280
            },
            {
                "id": 3,
                "name": "Egg Biryani",
                "desc": "A flavorful medley of finest Basmati Rice, boiled Eggs, and aromatic spices. Ideally for one person but can be shared between two. ",
                "price": 230
            },
            {
                "id": 4,
                "name": "Supreme Veg Biryani",
                "desc": "The authentic Veg delicacy seasoned with herbs and spices and then layered into fine grain Basmati Rice and cooked to perfection.",
                "price": 190
            },
            {
                "id": 5,
                "name": "Chicken Kebab Platter",
                "desc": "An assorted variety of Moroccan Chicken Kebab, Chicken Pepper Marinate, Chicken Reshmi Kebab & Chicken Garlic Kebab served with Pudina chutney. Comes in a tamper-proof sealed pack, easy to carry. (8 pcs)",
                "price": 240
            },
            {
                "id": 6,
                "name": "Tandoori Chicken (Half)",
                "desc": "The King of all kebabs, spiced full Chicken with bone, finished in a Tandoor. (2 pcs)",
                "price": 370
            },
            {
                "id": 7,
                "name": "Qubani Ka Meetha",
                "desc": "A sweet treat from Hyderabad, this heavenly dessert comprises of dried apricots and sugar, enriched with saffron strands and rose water.",
                "price": 150
            }
        ]
    },
    {
        "id": "65505",
        "name": "Hotel Saravana Bhavan",
        "address": "21, Kennet Lane, Egmore, Chennai",
        "cuisines": "South Indian, North Indian, Street Food, Ice Cream, Beverages, Desserts",
        "rating": "3.7",
        "reviews": "218",
        "feature_image": "https://b.zmtcdn.com/data/pictures/9/65499/5be9619932b600d72a7f57121e1cd51f.jpg?output-format=webp",
        "thumbnail_image": "https://b.zmtcdn.com/data/pictures/9/65499/5be9619932b600d72a7f57121e1cd51f.jpg?fit=around%7C200%3A200&crop=200%3A200%3B%2A%2C%2A",
        "menu": [
            {
                "id": 1,
                "name": "Royal Chicken Biryani",
                "desc": "An Authentic Hyderabadi Biryani where succulent Chicken piece is marinated with a blend of spices, layered with the finest Basmati Rice and Dum Cooked with generous portions of Saffron and Ghee.",
                "price": 210
            },
            {
                "id": 2,
                "name": "Special Mutton Biryani",
                "desc": "Enjoy the special taste of exclusive spice marinated tender and juicy Lamb pieces, enough to share between two persons that are Dum cooked along with the finest of Basmati Rice",
                "price": 280
            },
            {
                "id": 3,
                "name": "Egg Biryani",
                "desc": "A flavorful medley of finest Basmati Rice, boiled Eggs, and aromatic spices. Ideally for one person but can be shared between two. ",
                "price": 230
            },
            {
                "id": 4,
                "name": "Supreme Veg Biryani",
                "desc": "The authentic Veg delicacy seasoned with herbs and spices and then layered into fine grain Basmati Rice and cooked to perfection.",
                "price": 190
            },
            {
                "id": 5,
                "name": "Chicken Kebab Platter",
                "desc": "An assorted variety of Moroccan Chicken Kebab, Chicken Pepper Marinate, Chicken Reshmi Kebab & Chicken Garlic Kebab served with Pudina chutney. Comes in a tamper-proof sealed pack, easy to carry. (8 pcs)",
                "price": 240
            },
            {
                "id": 6,
                "name": "Tandoori Chicken (Half)",
                "desc": "The King of all kebabs, spiced full Chicken with bone, finished in a Tandoor. (2 pcs)",
                "price": 370
            },
            {
                "id": 7,
                "name": "Qubani Ka Meetha",
                "desc": "A sweet treat from Hyderabad, this heavenly dessert comprises of dried apricots and sugar, enriched with saffron strands and rose water.",
                "price": 150
            }
        ]
    },
    {
        "id": "67366",
        "name": "Symphony - Ramada",
        "address": "Ramada, 2A Poniamman Koil Street,Gandhi Irwin Bridge Road, Egmore, Chennai",
        "cuisines": "North Indian, South Indian, Continental, Chinese",
        "rating": "4.0",
        "reviews": "227",
        "feature_image": "https://b.zmtcdn.com/data/pictures/6/67366/904518846015e2a25b0e594d0fcb7069.jpg",
        "thumbnail_image": "https://b.zmtcdn.com/data/pictures/6/67366/904518846015e2a25b0e594d0fcb7069.jpg?fit=around%7C200%3A200&crop=200%3A200%3B%2A%2C%2A",
        "menu": [
            {
                "id": 1,
                "name": "Royal Chicken Biryani",
                "desc": "An Authentic Hyderabadi Biryani where succulent Chicken piece is marinated with a blend of spices, layered with the finest Basmati Rice and Dum Cooked with generous portions of Saffron and Ghee.",
                "price": 210
            },
            {
                "id": 2,
                "name": "Special Mutton Biryani",
                "desc": "Enjoy the special taste of exclusive spice marinated tender and juicy Lamb pieces, enough to share between two persons that are Dum cooked along with the finest of Basmati Rice",
                "price": 280
            },
            {
                "id": 3,
                "name": "Egg Biryani",
                "desc": "A flavorful medley of finest Basmati Rice, boiled Eggs, and aromatic spices. Ideally for one person but can be shared between two. ",
                "price": 230
            },
            {
                "id": 4,
                "name": "Supreme Veg Biryani",
                "desc": "The authentic Veg delicacy seasoned with herbs and spices and then layered into fine grain Basmati Rice and cooked to perfection.",
                "price": 190
            },
            {
                "id": 5,
                "name": "Chicken Kebab Platter",
                "desc": "An assorted variety of Moroccan Chicken Kebab, Chicken Pepper Marinate, Chicken Reshmi Kebab & Chicken Garlic Kebab served with Pudina chutney. Comes in a tamper-proof sealed pack, easy to carry. (8 pcs)",
                "price": 240
            },
            {
                "id": 6,
                "name": "Tandoori Chicken (Half)",
                "desc": "The King of all kebabs, spiced full Chicken with bone, finished in a Tandoor. (2 pcs)",
                "price": 370
            },
            {
                "id": 7,
                "name": "Qubani Ka Meetha",
                "desc": "A sweet treat from Hyderabad, this heavenly dessert comprises of dried apricots and sugar, enriched with saffron strands and rose water.",
                "price": 150
            }
        ]
    },
    {
        "id": "18947325",
        "name": "AB's - Absolute Barbecues",
        "address": "Door 73, Lattice Bridge Road, Block 23, Zone 13, Division 175, Adyar, Chennai",
        "cuisines": "BBQ, North Indian, European",
        "rating": "4.8",
        "reviews": "728",
        "feature_image": "https://b.zmtcdn.com/data/pictures/chains/6/70856/d1fabc4669318bc940749ff735359327.jpg?output-format=webp",
        "thumbnail_image": "https://b.zmtcdn.com/data/pictures/chains/6/70856/d1fabc4669318bc940749ff735359327.jpg?fit=around%7C200%3A200&crop=200%3A200%3B%2A%2C%2A",
        "menu": [
            {
                "id": 1,
                "name": "Royal Chicken Biryani",
                "desc": "An Authentic Hyderabadi Biryani where succulent Chicken piece is marinated with a blend of spices, layered with the finest Basmati Rice and Dum Cooked with generous portions of Saffron and Ghee.",
                "price": 210
            },
            {
                "id": 2,
                "name": "Special Mutton Biryani",
                "desc": "Enjoy the special taste of exclusive spice marinated tender and juicy Lamb pieces, enough to share between two persons that are Dum cooked along with the finest of Basmati Rice",
                "price": 280
            },
            {
                "id": 3,
                "name": "Egg Biryani",
                "desc": "A flavorful medley of finest Basmati Rice, boiled Eggs, and aromatic spices. Ideally for one person but can be shared between two. ",
                "price": 230
            },
            {
                "id": 4,
                "name": "Supreme Veg Biryani",
                "desc": "The authentic Veg delicacy seasoned with herbs and spices and then layered into fine grain Basmati Rice and cooked to perfection.",
                "price": 190
            },
            {
                "id": 5,
                "name": "Chicken Kebab Platter",
                "desc": "An assorted variety of Moroccan Chicken Kebab, Chicken Pepper Marinate, Chicken Reshmi Kebab & Chicken Garlic Kebab served with Pudina chutney. Comes in a tamper-proof sealed pack, easy to carry. (8 pcs)",
                "price": 240
            },
            {
                "id": 6,
                "name": "Tandoori Chicken (Half)",
                "desc": "The King of all kebabs, spiced full Chicken with bone, finished in a Tandoor. (2 pcs)",
                "price": 370
            },
            {
                "id": 7,
                "name": "Qubani Ka Meetha",
                "desc": "A sweet treat from Hyderabad, this heavenly dessert comprises of dried apricots and sugar, enriched with saffron strands and rose water.",
                "price": 150
            }
        ]
    },
    {
        "id": "18681599",
        "name": "Writer's Cafe",
        "address": "1, CSIR Road, Anbazhagan Nagar, MGR Nagar, Taramani, Chennai",
        "cuisines": "Cafe, American, Italian, Beverages",
        "rating": "4.4",
        "reviews": "482",
        "feature_image": "https://b.zmtcdn.com/data/reviews_photos/e0f/97e27e4e6834ae1bc6dd48ac97c3ae0f_1537211574.jpg",
        "thumbnail_image": "https://b.zmtcdn.com/data/reviews_photos/e0f/97e27e4e6834ae1bc6dd48ac97c3ae0f_1537211574.jpg?fit=around%7C200%3A200&crop=200%3A200%3B%2A%2C%2A",
        "menu": [
            {
                "id": 1,
                "name": "Royal Chicken Biryani",
                "desc": "An Authentic Hyderabadi Biryani where succulent Chicken piece is marinated with a blend of spices, layered with the finest Basmati Rice and Dum Cooked with generous portions of Saffron and Ghee.",
                "price": 210
            },
            {
                "id": 2,
                "name": "Special Mutton Biryani",
                "desc": "Enjoy the special taste of exclusive spice marinated tender and juicy Lamb pieces, enough to share between two persons that are Dum cooked along with the finest of Basmati Rice",
                "price": 280
            },
            {
                "id": 3,
                "name": "Egg Biryani",
                "desc": "A flavorful medley of finest Basmati Rice, boiled Eggs, and aromatic spices. Ideally for one person but can be shared between two. ",
                "price": 230
            },
            {
                "id": 4,
                "name": "Supreme Veg Biryani",
                "desc": "The authentic Veg delicacy seasoned with herbs and spices and then layered into fine grain Basmati Rice and cooked to perfection.",
                "price": 190
            },
            {
                "id": 5,
                "name": "Chicken Kebab Platter",
                "desc": "An assorted variety of Moroccan Chicken Kebab, Chicken Pepper Marinate, Chicken Reshmi Kebab & Chicken Garlic Kebab served with Pudina chutney. Comes in a tamper-proof sealed pack, easy to carry. (8 pcs)",
                "price": 240
            },
            {
                "id": 6,
                "name": "Tandoori Chicken (Half)",
                "desc": "The King of all kebabs, spiced full Chicken with bone, finished in a Tandoor. (2 pcs)",
                "price": 370
            },
            {
                "id": 7,
                "name": "Qubani Ka Meetha",
                "desc": "A sweet treat from Hyderabad, this heavenly dessert comprises of dried apricots and sugar, enriched with saffron strands and rose water.",
                "price": 150
            }
        ]
    },
    {
        "id": "18643732",
        "name": "Midnight Madness",
        "address": "1/1, Sindhuja Complex, F 3, 1st Floor, 29th Cross Street, Indira Nagar, Adyar, Chennai",
        "cuisines": "Italian, Chinese, Continental, Beverages",
        "rating": "3.9",
        "reviews": "615",
        "feature_image": "https://b.zmtcdn.com/data/pictures/2/18643732/f5127397f9fed6c4b781df1f6ad1e5f3.jpg",
        "thumbnail_image": "https://b.zmtcdn.com/data/pictures/2/18643732/f5127397f9fed6c4b781df1f6ad1e5f3.jpg?fit=around%7C200%3A200&crop=200%3A200%3B%2A%2C%2A",
        "menu": [
            {
                "id": 1,
                "name": "Royal Chicken Biryani",
                "desc": "An Authentic Hyderabadi Biryani where succulent Chicken piece is marinated with a blend of spices, layered with the finest Basmati Rice and Dum Cooked with generous portions of Saffron and Ghee.",
                "price": 210
            },
            {
                "id": 2,
                "name": "Special Mutton Biryani",
                "desc": "Enjoy the special taste of exclusive spice marinated tender and juicy Lamb pieces, enough to share between two persons that are Dum cooked along with the finest of Basmati Rice",
                "price": 280
            },
            {
                "id": 3,
                "name": "Egg Biryani",
                "desc": "A flavorful medley of finest Basmati Rice, boiled Eggs, and aromatic spices. Ideally for one person but can be shared between two. ",
                "price": 230
            },
            {
                "id": 4,
                "name": "Supreme Veg Biryani",
                "desc": "The authentic Veg delicacy seasoned with herbs and spices and then layered into fine grain Basmati Rice and cooked to perfection.",
                "price": 190
            },
            {
                "id": 5,
                "name": "Chicken Kebab Platter",
                "desc": "An assorted variety of Moroccan Chicken Kebab, Chicken Pepper Marinate, Chicken Reshmi Kebab & Chicken Garlic Kebab served with Pudina chutney. Comes in a tamper-proof sealed pack, easy to carry. (8 pcs)",
                "price": 240
            },
            {
                "id": 6,
                "name": "Tandoori Chicken (Half)",
                "desc": "The King of all kebabs, spiced full Chicken with bone, finished in a Tandoor. (2 pcs)",
                "price": 370
            },
            {
                "id": 7,
                "name": "Qubani Ka Meetha",
                "desc": "A sweet treat from Hyderabad, this heavenly dessert comprises of dried apricots and sugar, enriched with saffron strands and rose water.",
                "price": 150
            }
        ]
    },
    {
        "id": "18470430",
        "name": "Paradise Biryani",
        "address": "72, Block 14, Dr. Muthulakshmi Salai, LB Road, Thiruvanmiyur, Chennai",
        "cuisines": "Biryani, North Indian",
        "rating": "4.2",
        "reviews": "1071",
        "feature_image": "https://b.zmtcdn.com/data/pictures/chains/9/73279/939e7ad5a6065616ca484b027cf66cdd.jpg?output-format=webp",
        "thumbnail_image": "https://b.zmtcdn.com/data/pictures/chains/9/73279/939e7ad5a6065616ca484b027cf66cdd.jpg?fit=around%7C200%3A200&crop=200%3A200%3B%2A%2C%2A",
        "menu": [
            {
                "id": 1,
                "name": "Royal Chicken Biryani",
                "desc": "An Authentic Hyderabadi Biryani where succulent Chicken piece is marinated with a blend of spices, layered with the finest Basmati Rice and Dum Cooked with generous portions of Saffron and Ghee.",
                "price": 210
            },
            {
                "id": 2,
                "name": "Special Mutton Biryani",
                "desc": "Enjoy the special taste of exclusive spice marinated tender and juicy Lamb pieces, enough to share between two persons that are Dum cooked along with the finest of Basmati Rice",
                "price": 280
            },
            {
                "id": 3,
                "name": "Egg Biryani",
                "desc": "A flavorful medley of finest Basmati Rice, boiled Eggs, and aromatic spices. Ideally for one person but can be shared between two. ",
                "price": 230
            },
            {
                "id": 4,
                "name": "Supreme Veg Biryani",
                "desc": "The authentic Veg delicacy seasoned with herbs and spices and then layered into fine grain Basmati Rice and cooked to perfection.",
                "price": 190
            },
            {
                "id": 5,
                "name": "Chicken Kebab Platter",
                "desc": "An assorted variety of Moroccan Chicken Kebab, Chicken Pepper Marinate, Chicken Reshmi Kebab & Chicken Garlic Kebab served with Pudina chutney. Comes in a tamper-proof sealed pack, easy to carry. (8 pcs)",
                "price": 240
            },
            {
                "id": 6,
                "name": "Tandoori Chicken (Half)",
                "desc": "The King of all kebabs, spiced full Chicken with bone, finished in a Tandoor. (2 pcs)",
                "price": 370
            },
            {
                "id": 7,
                "name": "Qubani Ka Meetha",
                "desc": "A sweet treat from Hyderabad, this heavenly dessert comprises of dried apricots and sugar, enriched with saffron strands and rose water.",
                "price": 150
            }
        ]
    },
    {
        "id": "18535029",
        "name": "Yaki BBQ",
        "address": "32, Ramalingam Nagar, Old Mahabalipuram Road, Perungudi, Chennai",
        "cuisines": "Biryani, North Indian, BBQ, South Indian",
        "rating": "3.3",
        "reviews": "313",
        "feature_image": "https://b.zmtcdn.com/data/pictures/9/18535029/cd9c7ae52504e44382cfa0ab2d2b16f6.jpg?output-format=webp",
        "thumbnail_image": "https://b.zmtcdn.com/data/pictures/9/18535029/cd9c7ae52504e44382cfa0ab2d2b16f6.jpg?fit=around%7C200%3A200&crop=200%3A200%3B%2A%2C%2A",
        "menu": [
            {
                "id": 1,
                "name": "Royal Chicken Biryani",
                "desc": "An Authentic Hyderabadi Biryani where succulent Chicken piece is marinated with a blend of spices, layered with the finest Basmati Rice and Dum Cooked with generous portions of Saffron and Ghee.",
                "price": 210
            },
            {
                "id": 2,
                "name": "Special Mutton Biryani",
                "desc": "Enjoy the special taste of exclusive spice marinated tender and juicy Lamb pieces, enough to share between two persons that are Dum cooked along with the finest of Basmati Rice",
                "price": 280
            },
            {
                "id": 3,
                "name": "Egg Biryani",
                "desc": "A flavorful medley of finest Basmati Rice, boiled Eggs, and aromatic spices. Ideally for one person but can be shared between two. ",
                "price": 230
            },
            {
                "id": 4,
                "name": "Supreme Veg Biryani",
                "desc": "The authentic Veg delicacy seasoned with herbs and spices and then layered into fine grain Basmati Rice and cooked to perfection.",
                "price": 190
            },
            {
                "id": 5,
                "name": "Chicken Kebab Platter",
                "desc": "An assorted variety of Moroccan Chicken Kebab, Chicken Pepper Marinate, Chicken Reshmi Kebab & Chicken Garlic Kebab served with Pudina chutney. Comes in a tamper-proof sealed pack, easy to carry. (8 pcs)",
                "price": 240
            },
            {
                "id": 6,
                "name": "Tandoori Chicken (Half)",
                "desc": "The King of all kebabs, spiced full Chicken with bone, finished in a Tandoor. (2 pcs)",
                "price": 370
            },
            {
                "id": 7,
                "name": "Qubani Ka Meetha",
                "desc": "A sweet treat from Hyderabad, this heavenly dessert comprises of dried apricots and sugar, enriched with saffron strands and rose water.",
                "price": 150
            }
        ]
    },
    {
        "id": "18567908",
        "name": "Rehoboth Biriyani and Kebabs",
        "address": "55/60, Advent Church Complex, ECR, Thiruvanmiyur, Chennai",
        "cuisines": "Biryani, North Indian, Chinese",
        "rating": "3.4",
        "reviews": "441",
        "feature_image": "https://b.zmtcdn.com/data/pictures/8/18567908/dff65b2537f5002ef55ed617d7690fac.jpg?output-format=webp",
        "thumbnail_image": "https://b.zmtcdn.com/data/pictures/8/18567908/dff65b2537f5002ef55ed617d7690fac.jpg?fit=around%7C200%3A200&crop=200%3A200%3B%2A%2C%2A",
        "menu": [
            {
                "id": 1,
                "name": "Royal Chicken Biryani",
                "desc": "An Authentic Hyderabadi Biryani where succulent Chicken piece is marinated with a blend of spices, layered with the finest Basmati Rice and Dum Cooked with generous portions of Saffron and Ghee.",
                "price": 210
            },
            {
                "id": 2,
                "name": "Special Mutton Biryani",
                "desc": "Enjoy the special taste of exclusive spice marinated tender and juicy Lamb pieces, enough to share between two persons that are Dum cooked along with the finest of Basmati Rice",
                "price": 280
            },
            {
                "id": 3,
                "name": "Egg Biryani",
                "desc": "A flavorful medley of finest Basmati Rice, boiled Eggs, and aromatic spices. Ideally for one person but can be shared between two. ",
                "price": 230
            },
            {
                "id": 4,
                "name": "Supreme Veg Biryani",
                "desc": "The authentic Veg delicacy seasoned with herbs and spices and then layered into fine grain Basmati Rice and cooked to perfection.",
                "price": 190
            },
            {
                "id": 5,
                "name": "Chicken Kebab Platter",
                "desc": "An assorted variety of Moroccan Chicken Kebab, Chicken Pepper Marinate, Chicken Reshmi Kebab & Chicken Garlic Kebab served with Pudina chutney. Comes in a tamper-proof sealed pack, easy to carry. (8 pcs)",
                "price": 240
            },
            {
                "id": 6,
                "name": "Tandoori Chicken (Half)",
                "desc": "The King of all kebabs, spiced full Chicken with bone, finished in a Tandoor. (2 pcs)",
                "price": 370
            },
            {
                "id": 7,
                "name": "Qubani Ka Meetha",
                "desc": "A sweet treat from Hyderabad, this heavenly dessert comprises of dried apricots and sugar, enriched with saffron strands and rose water.",
                "price": 150
            }
        ]
    },
    {
        "id": "65071",
        "name": "Bharani Veg",
        "address": "51, LB Road, Thiruvanmiyur, Chennai",
        "cuisines": "North Indian, South Indian",
        "rating": "3.8",
        "reviews": "373",
        "feature_image": "https://b.zmtcdn.com/data/pictures/1/65071/8f400e88ccdd58c4c0f08f89c91cb87d.jpg?output-format=webp",
        "thumbnail_image": "https://b.zmtcdn.com/data/pictures/1/65071/8f400e88ccdd58c4c0f08f89c91cb87d.jpg?fit=around%7C200%3A200&crop=200%3A200%3B%2A%2C%2A",
        "menu": [
            {
                "id": 1,
                "name": "Royal Chicken Biryani",
                "desc": "An Authentic Hyderabadi Biryani where succulent Chicken piece is marinated with a blend of spices, layered with the finest Basmati Rice and Dum Cooked with generous portions of Saffron and Ghee.",
                "price": 210
            },
            {
                "id": 2,
                "name": "Special Mutton Biryani",
                "desc": "Enjoy the special taste of exclusive spice marinated tender and juicy Lamb pieces, enough to share between two persons that are Dum cooked along with the finest of Basmati Rice",
                "price": 280
            },
            {
                "id": 3,
                "name": "Egg Biryani",
                "desc": "A flavorful medley of finest Basmati Rice, boiled Eggs, and aromatic spices. Ideally for one person but can be shared between two. ",
                "price": 230
            },
            {
                "id": 4,
                "name": "Supreme Veg Biryani",
                "desc": "The authentic Veg delicacy seasoned with herbs and spices and then layered into fine grain Basmati Rice and cooked to perfection.",
                "price": 190
            },
            {
                "id": 5,
                "name": "Chicken Kebab Platter",
                "desc": "An assorted variety of Moroccan Chicken Kebab, Chicken Pepper Marinate, Chicken Reshmi Kebab & Chicken Garlic Kebab served with Pudina chutney. Comes in a tamper-proof sealed pack, easy to carry. (8 pcs)",
                "price": 240
            },
            {
                "id": 6,
                "name": "Tandoori Chicken (Half)",
                "desc": "The King of all kebabs, spiced full Chicken with bone, finished in a Tandoor. (2 pcs)",
                "price": 370
            },
            {
                "id": 7,
                "name": "Qubani Ka Meetha",
                "desc": "A sweet treat from Hyderabad, this heavenly dessert comprises of dried apricots and sugar, enriched with saffron strands and rose water.",
                "price": 150
            }
        ]
    },
    {
        "id": "71799",
        "name": "Cleo's Grill & Cafe",
        "address": "115, 4th Avenue, Indra Nagar, Adyar, Chennai",
        "cuisines": "Chinese, Continental, Steak, North Indian",
        "rating": "4.4",
        "reviews": "2567",
        "feature_image": "https://b.zmtcdn.com/data/res_imagery/71799_RESTAURANT_1422bd9c0916341e29b9df6cf03b213d.jpg",
        "thumbnail_image": "https://b.zmtcdn.com/data/res_imagery/71799_RESTAURANT_1422bd9c0916341e29b9df6cf03b213d.jpg?fit=around%7C200%3A200&crop=200%3A200%3B%2A%2C%2A",
        "menu": [
            {
                "id": 1,
                "name": "Royal Chicken Biryani",
                "desc": "An Authentic Hyderabadi Biryani where succulent Chicken piece is marinated with a blend of spices, layered with the finest Basmati Rice and Dum Cooked with generous portions of Saffron and Ghee.",
                "price": 210
            },
            {
                "id": 2,
                "name": "Special Mutton Biryani",
                "desc": "Enjoy the special taste of exclusive spice marinated tender and juicy Lamb pieces, enough to share between two persons that are Dum cooked along with the finest of Basmati Rice",
                "price": 280
            },
            {
                "id": 3,
                "name": "Egg Biryani",
                "desc": "A flavorful medley of finest Basmati Rice, boiled Eggs, and aromatic spices. Ideally for one person but can be shared between two. ",
                "price": 230
            },
            {
                "id": 4,
                "name": "Supreme Veg Biryani",
                "desc": "The authentic Veg delicacy seasoned with herbs and spices and then layered into fine grain Basmati Rice and cooked to perfection.",
                "price": 190
            },
            {
                "id": 5,
                "name": "Chicken Kebab Platter",
                "desc": "An assorted variety of Moroccan Chicken Kebab, Chicken Pepper Marinate, Chicken Reshmi Kebab & Chicken Garlic Kebab served with Pudina chutney. Comes in a tamper-proof sealed pack, easy to carry. (8 pcs)",
                "price": 240
            },
            {
                "id": 6,
                "name": "Tandoori Chicken (Half)",
                "desc": "The King of all kebabs, spiced full Chicken with bone, finished in a Tandoor. (2 pcs)",
                "price": 370
            },
            {
                "id": 7,
                "name": "Qubani Ka Meetha",
                "desc": "A sweet treat from Hyderabad, this heavenly dessert comprises of dried apricots and sugar, enriched with saffron strands and rose water.",
                "price": 150
            }
        ]
    },
    {
        "id": "70821",
        "name": "Aasife & Brothers Biriyani Centre",
        "address": "123/61, LB Road, Near S2 Thyagaraya Theatre, Thiruvanmiyur, Chennai",
        "cuisines": "North Indian, Chinese, Chettinad, Mughlai, Biryani",
        "rating": "2.9",
        "reviews": "853",
        "feature_image": "https://b.zmtcdn.com/data/pictures/1/70821/7d61b243f02856be8f1a3835084850de.jpg?output-format=webp",
        "thumbnail_image": "https://b.zmtcdn.com/data/pictures/1/70821/7d61b243f02856be8f1a3835084850de.jpg?fit=around%7C200%3A200&crop=200%3A200%3B%2A%2C%2A",
        "menu": [
            {
                "id": 1,
                "name": "Royal Chicken Biryani",
                "desc": "An Authentic Hyderabadi Biryani where succulent Chicken piece is marinated with a blend of spices, layered with the finest Basmati Rice and Dum Cooked with generous portions of Saffron and Ghee.",
                "price": 210
            },
            {
                "id": 2,
                "name": "Special Mutton Biryani",
                "desc": "Enjoy the special taste of exclusive spice marinated tender and juicy Lamb pieces, enough to share between two persons that are Dum cooked along with the finest of Basmati Rice",
                "price": 280
            },
            {
                "id": 3,
                "name": "Egg Biryani",
                "desc": "A flavorful medley of finest Basmati Rice, boiled Eggs, and aromatic spices. Ideally for one person but can be shared between two. ",
                "price": 230
            },
            {
                "id": 4,
                "name": "Supreme Veg Biryani",
                "desc": "The authentic Veg delicacy seasoned with herbs and spices and then layered into fine grain Basmati Rice and cooked to perfection.",
                "price": 190
            },
            {
                "id": 5,
                "name": "Chicken Kebab Platter",
                "desc": "An assorted variety of Moroccan Chicken Kebab, Chicken Pepper Marinate, Chicken Reshmi Kebab & Chicken Garlic Kebab served with Pudina chutney. Comes in a tamper-proof sealed pack, easy to carry. (8 pcs)",
                "price": 240
            },
            {
                "id": 6,
                "name": "Tandoori Chicken (Half)",
                "desc": "The King of all kebabs, spiced full Chicken with bone, finished in a Tandoor. (2 pcs)",
                "price": 370
            },
            {
                "id": 7,
                "name": "Qubani Ka Meetha",
                "desc": "A sweet treat from Hyderabad, this heavenly dessert comprises of dried apricots and sugar, enriched with saffron strands and rose water.",
                "price": 150
            }
        ]
    }
]